ISO 3166-1 country code, name, latitude, longitude
MX,Encinal,21.816667,-97.791667
MX,Berros,19.5,-96.941667
MX,Zoochina,17.216667,-95.25
MX,Joya,22.533333,-100.166667
MX,San Lucas,19.083333,-100.066667
MX,San José,19.25,-104.233333
MX,San Antonio,25.366667,-101.8
MX,Tenosique,17.474955,-91.422145
MX,La Cruzada,27.075705,-106.69823
MX,San José,22.672862,-101.034501
MX,Salinas,22.627954,-101.71417
MX,Los Berros,23.850809,-103.487488
MX,La Colorada,23.786362,-102.393953
MX,Providencia,24.885462,-99.276931
MX,Bejucal,15.455731,-92.15822
MX,Amatenango,15.434662,-92.117112
MX,Boquilla,27.775284,-104.660168
MX,San Pedro,23.670834,-104.028469
MX,Las Huertas,21.48706,-104.199757
MX,Cerrillos,19.628758,-96.724708
MX,La Mesa,21.383142,-104.014589
MX,Ixtlán,21.038211,-104.370597
MX,Palmas,20.057948,-96.637724
MX,Sauceda,22.456661,-102.079679
MX,Santa María,22.04859,-102.115418
MX,Apulco,21.388301,-102.682188
MX,Guadalupe,26.617511,-105.177924
MX,Culantrillo,26.698239,-105.081645
MX,San Gaspar,21.290627,-102.503223
MX,San Pedro,22.448204,-102.349999
MX,Ciénega,20.520603,-102.657098
MX,San Antonio,27.589235,-103.319378
MX,Ojo de Agua,22.29751,-102.19215
MX,Santa Elena,27.470511,-102.551937
MX,Letras,22.136012,-102.295387
MX,Carrizal,28.241115,-109.474727
MX,El Capulín,28.349614,-109.280366
MX,Tasajera,26.06214,-108.532775
MX,Gomera,27.007329,-105.597287
MX,San Francisco,26.46814,-108.96137
MX,Baterquez,26.528574,-108.842542
MX,Sásabe,31.470755,-111.546082
MX,Campanero,28.329908,-109.009463
MX,Tekal,21.014871,-88.946583
MX,San Antonio,21.180474,-88.859543
MX,Las Torres,21.129656,-88.980909
MX,Tangamandapio,19.955723,-102.436364
MX,San Antonio,19.945885,-102.556512
MX,Los Reyes,19.590398,-102.472524
MX,Jiquilpan,19.994189,-102.719193
MX,La Rosa,19.758735,-103.159168
MX,Guáscaro,19.798851,-102.521085
MX,Tepetaro,19.440639,-102.624218
MX,Punta del Agua,19.161432,-104.266659
MX,Cotija,19.809187,-102.70107
MX,Serna,30.133674,-112.16675
MX,Pueblo Nuevo,17.160275,-92.899763
MX,Chutla,17.886037,-101.794537
MX,Jacona,19.956746,-102.306148
MX,San Agustín,29.936776,-114.968021
MX,Santa María,29.730543,-114.548088
MX,Gochico,27.412707,-108.691169
MX,San Miguel,25.94734,-109.049698
MX,San José,25.941477,-109.250486
MX,Otáez,24.700385,-105.995444
MX,Uruapan,19.413616,-102.052781
MX,Zamora,19.989115,-102.284773
MX,Tangancícuaro,19.886667,-102.205137
MX,Peribán,19.556246,-102.398611
MX,El Rosario,16.218251,-93.861274
MX,Cintalapa,16.695671,-93.723515
MX,Peribán,19.520169,-102.41482
MX,Naranja,19.776701,-101.760559
MX,Tiltepec,16.133388,-93.801606
MX,Arista,15.934495,-93.809711
MX,Paracho,19.646541,-102.047634
MX,Panindícuaro,19.982777,-101.760691
MX,Filisola,17.854335,-94.356218
MX,Guadalupe,26.46307,-105.604066
MX,Nuevo Valle,21.211784,-101.424914
MX,Soledad,20.906176,-101.412178
MX,San José,21.144648,-101.786784
MX,Boquillas,29.188049,-102.933753
MX,San Bartolo,21.105265,-101.897367
MX,Rancho Nuevo,20.675088,-101.895596
MX,Purísima,20.618681,-101.483428
MX,Paso Blanco,20.754622,-101.402806
MX,San Nicolás,28.620612,-100.464325
MX,Dolores,20.84862,-101.391267
MX,Atlixco,18.906605,-98.435081
MX,Manuel Doblado,20.728822,-101.952425
MX,Nativitas,19.580811,-99.609188
MX,Cuautepec,19.629385,-99.131446
MX,Zozocolco,20.141045,-97.575836
MX,Zozocolco,20.103743,-97.568885
MX,Tenexapa,20.167231,-97.336292
MX,San Bartolo,20.399254,-98.201138
MX,San Antonio,20.112128,-97.482612
MX,Arroyo Zarco,20.151135,-97.456305
MX,Ayotoxco,20.09672,-97.409711
MX,Chiconautla,19.628055,-99.002748
MX,Santa María,19.953927,-99.18727
MX,Jilotzingo,19.541505,-99.394486
MX,Atzompa,19.685455,-99.021992
MX,San Pablo,19.666704,-99.095272
MX,Tuzamapan,20.06594,-97.576511
MX,Jalostoc,20.221438,-97.534036
MX,Vallarta,20.107586,-97.531148
MX,Zitlaltepec,19.810763,-99.145042
MX,Tuxtepec,19.861472,-99.6284
MX,San José,19.805809,-99.359876
MX,San Francisco,19.765483,-99.529407
MX,Coamango,19.852869,-99.591394
MX,San Bartolo,19.813208,-99.009946
MX,Tetlixtac,19.633688,-99.083532
MX,Progreso,19.636794,-99.356881
MX,Cuautlalpan,19.684858,-99.286076
MX,Santa Ana,20.175442,-98.312515
MX,Pahuatlán,20.277874,-98.150363
MX,Zapotal,20.853137,-97.491373
MX,Tuxpan,20.957734,-97.407985
MX,Apaxco,19.975708,-99.171289
MX,Atotonilco,20.000964,-99.21517
MX,López Mateos,19.585466,-99.260345
MX,Cuetzalán,20.018317,-97.522879
MX,Cuautepec,20.03573,-98.310498
MX,Tetela,18.965949,-99.246458
MX,Tenancingo,18.961479,-99.593439
MX,Taxco,18.55629,-99.604911
MX,Santa Fe,18.550289,-99.423686
MX,Xochuca,18.846411,-99.615272
MX,San Rafael,18.640846,-99.005015
MX,Tlanisco,19.063603,-99.652595
MX,Hidalgo,18.581954,-99.043892
MX,Tepexoxuca,19.059981,-99.547893
MX,Ocuilán,18.974719,-99.413837
MX,Buenavista,18.944803,-99.309106
MX,Tepeji,19.9063,-99.342968
MX,Totolapan,18.15928,-100.389416
MX,Huetamo,18.630279,-100.898846
MX,Cutzamalá,18.467891,-100.578863
MX,Coyuca,18.325525,-100.69843
MX,Ajuchitlán,18.153637,-100.500331
MX,Durazno,21.310347,-99.780443
MX,Zapotlán,19.975931,-98.864008
MX,Texcoco,19.511575,-98.883743
MX,Tepetlaoxtoc,19.57498,-98.818141
MX,Santa Ana,21.124589,-100.570409
MX,Tepa,19.910866,-98.703948
MX,Chiconautla,19.63855,-98.994461
MX,Apipilhuasco,19.5448,-98.747507
MX,Ajolcapan,19.761639,-98.946739
MX,Tecajete,19.937736,-98.5944
MX,Nopaltepec,19.778909,-98.709372
MX,Maquixco,19.783516,-98.831896
MX,Aticpac,19.855574,-98.746824
MX,Almoloya,19.369146,-99.758363
MX,Ixtapan,19.586587,-98.94723
MX,Tecamac,19.712764,-98.969502
MX,Atenco,19.55077,-98.916491
MX,Huaquilpan,19.987649,-98.868742
MX,Tecalco,19.673328,-98.958545
MX,San Nicolás,19.580427,-98.435998
MX,Ometusco,19.783868,-98.669097
MX,Actipan,19.61065,-98.596703
MX,San Martín,19.704969,-98.834551
MX,San Marcos,19.598156,-98.629078
MX,Teotihuacán,19.688592,-98.862634
MX,Ixtilmaco,19.666112,-98.448594
MX,Teacalco,19.804533,-98.8513
MX,San Jerónimo,19.747771,-98.951348
MX,Zacacalco,19.931358,-98.982722
MX,Cuautliquixco,19.681792,-98.981941
MX,San Bartolomé,19.561965,-98.585614
MX,Albarranes,19.117571,-99.935858
MX,Acahualco,19.27554,-99.771655
MX,San Antonio,19.527853,-98.357556
MX,Oztoyuca,19.928798,-98.669354
MX,Ometusco,19.778592,-98.628966
MX,San Agustín,19.874621,-98.714055
MX,Otumba,19.699892,-98.756855
MX,Los Reyes,19.774904,-98.984751
MX,Cárdenas,19.6397,-98.471711
MX,Yerbabuena,21.279229,-99.106462
MX,Acolman,19.639067,-98.910275
MX,Santa Rosa,20.742057,-100.446153
MX,Purísima,21.311371,-99.512063
MX,Puerto,21.36918,-99.571122
MX,Puerta,21.329694,-99.522696
MX,Atotonilco,19.464033,-99.778224
MX,Oxtotilpan,19.168688,-99.902836
MX,Tabernillas,19.481091,-99.867736
MX,Nativitas,19.348129,-99.791396
MX,Santa María,19.290202,-99.824983
MX,Cuauhtenco,19.249642,-99.729882
MX,Zinacantepec,19.285006,-99.734775
MX,Oxtotilpan,19.149526,-99.885599
MX,Almoloyan,19.356011,-99.799672
MX,Contadero,19.236886,-99.80971
MX,San Juan,19.248198,-99.75819
MX,San Jerónimo,19.314939,-100.20288
MX,Tlalcilalcalpan,19.29353,-99.767325
MX,Altamirano,19.381102,-99.973516
MX,San Pedro,21.751288,-99.057414
MX,Soledad,21.279842,-100.922604
MX,San Nicolás,21.274727,-100.550953
MX,San Joaquín,21.736557,-100.238988
MX,Coatipac,19.18188,-99.568327
MX,Milpillas,21.346355,-100.244379
MX,Mesa,21.503223,-100.440714
MX,La Noria,21.453674,-100.84506
MX,Labor,20.488762,-101.253055
MX,Tlapacoya,20.101931,-98.833841
MX,Santiago,20.384032,-98.964798
MX,Tlatemalco,20.499881,-98.702526
MX,San Nicolás,20.095644,-98.390616
MX,San Juan,20.049592,-98.666108
MX,Tlaxiaca,20.116045,-98.88562
MX,Omitlán,20.169025,-98.649418
MX,Huasca,20.203468,-98.576112
MX,Colonia,20.064132,-98.75903
MX,Atotonilco,20.286526,-98.667357
MX,Agua Blanca,20.350011,-98.357092
MX,Tinaja,20.198389,-101.062023
MX,Tejocote,20.179179,-101.397087
MX,San Vicente,20.458193,-101.592139
MX,Jaral,20.372656,-101.063612
MX,Huaniqueo,19.896817,-101.504457
MX,El Cuatro,20.485429,-101.165264
MX,Cuitzeo,19.969444,-101.140695
MX,Copándaro,19.892785,-101.213619
MX,Agua Tibia,20.501406,-101.630987
MX,Peñoles,17.080882,-97.00206
MX,Azompa,17.101402,-96.775889
MX,Ayoquezco,16.682549,-96.842517
MX,Amiltepec,16.276969,-97.21788
MX,Ixhuatlán,19.050627,-96.983626
MX,Huatusco,19.150244,-96.968346
MX,Tonalapa,18.096972,-99.559393
MX,Zimatlán,16.867874,-96.783618
MX,Monteverde,16.971457,-97.664684
MX,Sola,16.482251,-96.939964
MX,Macuiltianguis,17.533483,-96.552117
MX,Tehuantepec,16.31841,-95.247833
MX,Chihuitán,16.59164,-95.161024
MX,Laollaga,16.583928,-95.206511
MX,Lachiguiri,16.687239,-95.530349
MX,Santa Teresa,16.371415,-95.246376
MX,Totolapilla,16.601418,-95.625335
MX,Guienagati,16.738615,-95.354041
MX,Ecatepec,16.285519,-95.879519
MX,Santa Gertrudis,16.063654,-95.391995
MX,San Nicolás,20.394728,-101.254158
MX,San Nicolás,20.246975,-100.965827
MX,San Agustín,19.961961,-101.073055
MX,Rincón,20.420017,-101.253736
MX,Gertrudis,16.7858,-96.800242
MX,Zenzontepec,16.534444,-97.495435
MX,Santa Cruz,17.029093,-96.733277
MX,Sosoltepec,16.138879,-95.946775
MX,Huilotepec,16.245267,-95.150806
MX,Huamelula,16.026974,-95.667352
MX,Tenango,16.266586,-95.59532
MX,Suchiltepec,16.191535,-95.925057
MX,San Miguel,16.260654,-95.755328
MX,Caja de Agua,16.135625,-95.383954
MX,Chiltepec,16.134277,-95.915264
MX,Yautepec,16.430872,-95.974267
MX,Rincón,16.229527,-95.313093
MX,Tapanatepec,16.369858,-94.194247
MX,Chimalapa,16.714183,-94.747442
MX,Reforma,16.399379,-94.458043
MX,Tacahua,16.917972,-97.49187
MX,Mixtepec,16.793198,-96.879731
MX,Mitlatongo,17.18601,-97.279002
MX,Yosonotu,17.020297,-97.661814
MX,Etla,17.203664,-96.816078
MX,Peñasco,17.235344,-97.551117
MX,Ocotlán,16.709222,-96.710548
MX,Mixtepec,16.897224,-96.906508
MX,Nejapa,16.60807,-95.980337
MX,Tlacotepec,16.504161,-95.202482
MX,Juchitán,16.436032,-95.01975
MX,Huazantlán del Río,16.219443,-95.128616
MX,Tlacolulita,16.300104,-95.726563
MX,Ixtaltepec,16.503119,-95.060758
MX,Amatlán,18.845746,-96.914942
MX,Acatlán,18.539125,-96.606006
MX,Tepanco,18.554997,-97.56171
MX,Miahuatlán,18.545237,-97.437465
MX,Techachalco,18.953301,-97.46982
MX,Santa María,18.59965,-97.658349
MX,Santa Inés,19.154332,-97.38829
MX,Santa Inés,19.004148,-97.491313
MX,Otzolotepec,18.577007,-97.266194
MX,Chicapa,16.438443,-94.822058
MX,Cerrito,16.400154,-94.530472
MX,Santa Catarina,18.881986,-97.43655
MX,San Nicolás,19.164916,-97.55105
MX,Zozutla,18.755009,-97.654248
MX,Tecuitlapa,19.122032,-97.547399
MX,San Martín,19.004701,-97.39578
MX,Tlacoyalco,18.673125,-97.603237
MX,Temalacayuca,18.603522,-97.557171
MX,Atenco,19.086743,-97.540136
MX,Tlacuitlapan,18.708649,-97.620989
MX,Ixtapa,18.715838,-97.457836
MX,Alchichica,19.434268,-97.388719
MX,Tepetiopan,18.532223,-97.52737
MX,Lagunas,18.604186,-97.265398
MX,Tenejapa,18.785652,-97.086019
MX,Cacaloapan,18.582783,-97.584944
MX,Palmarito,18.898912,-97.638922
MX,Palmar,18.835633,-97.547739
MX,Morelos,18.736839,-97.419069
MX,Jalapasco,19.095881,-97.482535
MX,Guadalupe,18.916858,-97.385765
MX,San Rafael,18.940863,-96.943307
MX,Atitla,18.736818,-96.869157
MX,Atitla,18.718402,-96.821411
MX,Ojitlán,18.061493,-96.398228
MX,Quiotepec,17.601517,-96.588274
MX,Luvina,17.50495,-96.54958
MX,Valle Nacional,17.775523,-96.302629
MX,Tuxtepec,18.088293,-96.129815
MX,Tlacoatzintepec,17.860236,-96.586239
MX,Chiltepec,17.948017,-96.170099
MX,Ahuatepec,19.040483,-97.434324
MX,Santiago,16.803814,-96.720459
MX,Lachixío,16.705142,-97.018615
MX,Coatlán,16.38898,-96.845847
MX,Mazaltepec,17.172464,-96.873475
MX,Mixtla,18.605529,-96.993778
MX,Ejutla,16.567918,-96.73129
MX,Cuilapan,16.978093,-96.781372
MX,Chalcatongo,17.031691,-97.570491
MX,Quetzalapa,17.836306,-96.632883
MX,Jocotepec,17.536011,-95.944862
MX,Comaltepec,17.565469,-96.548731
MX,Jalapa de Díaz,18.071602,-96.535183
MX,Ayautla,18.03235,-96.67002
MX,Analco,17.83995,-96.557203
MX,Teotilalpan,17.954346,-96.656113
MX,Tamextitlán,17.593574,-96.551256
MX,Yolotepec,16.870286,-97.50185
MX,Sola,16.49248,-96.982501
MX,Tlaltinango,17.240075,-96.846695
MX,Ixcatlán,16.912881,-97.532457
MX,Huendio,17.254489,-97.50468
MX,La Balsa,18.69656,-96.611058
MX,Yutanino,16.790247,-97.464227
MX,Río Dulce,16.812241,-97.099439
MX,Jalpan,16.971639,-96.756989
MX,Etla,17.205002,-96.798335
MX,Teozacoalco,17.016046,-97.286621
MX,Molinos,17.10381,-97.538811
MX,Ixtlahuaca,17.061751,-96.81729
MX,Tlazoyaltepec,17.036663,-96.983764
MX,Suchilquitongo,17.255879,-96.880331
MX,Ticuá,17.073688,-97.537848
MX,Quiané,16.88255,-96.74067
MX,Montaño,17.087642,-96.805383
MX,Mixtepec,16.892881,-96.936518
MX,Tomate,17.733407,-95.872241
MX,Ocotlán,16.761945,-96.721374
MX,Mixtepec,16.866782,-96.965098
MX,Minas,16.424523,-97.228147
MX,Clavellinas,16.920082,-96.930778
MX,Amoltepec,16.642343,-97.496165
MX,Chichihualtepec,16.651287,-96.775864
MX,Coatlán,16.299053,-96.774173
MX,Yujía,16.969677,-97.48997
MX,San Pedro,17.148905,-97.460778
MX,Alto,16.807692,-97.053061
MX,Tijaltepec,17.017965,-97.500157
MX,Huixtepec,16.819481,-96.78128
MX,Huitzo,17.277085,-96.886611
MX,Etla,17.141708,-96.751837
MX,Sola de Vega,16.515684,-96.979033
MX,Piedras,16.991107,-97.226619
MX,Peras,16.93903,-97.011191
MX,Ejutla,16.580122,-96.737922
MX,Yucutindoo,16.736439,-97.483107
MX,Sindihui,17.00466,-97.350496
MX,Texmelucan,16.585987,-97.199432
MX,Yuta,17.023496,-97.170895
MX,Quiahije,16.301833,-97.317087
MX,Diuxi,17.285913,-97.370401
MX,Guelache,17.229843,-96.778595
MX,Totomoxtla,17.611544,-96.55983
MX,Nieves,17.627313,-96.56202
MX,Yagavila,17.438299,-96.324442
MX,Zaniza,16.655512,-97.338046
MX,Yolotepec,16.876718,-97.504457
MX,Tataltepec,17.141812,-97.393746
MX,Sola,16.569714,-97.018288
MX,Tlapacoyan,16.743693,-96.836082
MX,Almolongas,16.404287,-96.718563
MX,Trujano,16.992417,-96.712937
MX,Ixtapan,16.37927,-97.279315
MX,Etla,17.215016,-96.769723
MX,Sola,16.515797,-96.974216
MX,Cahuacuá,16.89648,-97.305996
MX,San Fernando,16.842396,-97.153678
MX,Atatlahuca,17.067079,-97.678154
MX,Mixtepec,16.825913,-96.900316
MX,Yucuañe,17.238415,-97.449357
MX,Sinicahua,17.147964,-97.571132
MX,Alto,16.815649,-97.025631
MX,Nuxiño,17.238481,-97.1058
MX,Ixtlahuaca,17.071351,-96.826016
MX,Alto,16.844771,-97.052109
MX,Cabecera Nueva,16.888791,-97.680311
MX,Tlacotepec,17.202355,-97.515988
MX,Etla,17.188492,-96.770824
MX,Amatengo,16.511348,-96.791361
MX,Yólox,17.588249,-96.553141
MX,Tepinapa,17.574818,-96.009804
MX,Ixcatlán,18.145552,-96.510112
MX,Cosamaloapan,18.366778,-95.796344
MX,Tixtla,17.568675,-99.39871
MX,Tepecoacuilco,18.27723,-99.470387
MX,Iguala,18.349281,-99.539359
MX,Huitzuco,18.306676,-99.335412
MX,Coatlán,16.195208,-96.871982
MX,Chontecomatlán,16.247289,-96.014444
MX,Cuetzala,18.133764,-99.833041
MX,Coatepec,18.3404,-99.721386
MX,Buenavista,18.460005,-99.40848
MX,Yaitepec,16.226282,-97.269525
MX,Lapaguía,16.135989,-96.191981
MX,Jocotepec,16.125831,-97.437151
MX,Xadani,15.949087,-96.073295
MX,Acatlán,17.935309,-99.899832
MX,Tonameca,15.748007,-96.5477
MX,Temaxcaltepec,16.164694,-97.196613
MX,Ozolotepec,16.130832,-96.370868
MX,Tiltepec,16.063026,-97.170748
MX,Colotepec,15.897547,-96.938592
MX,Coatlán,16.234599,-96.721461
MX,Ozolotepec,16.07072,-96.302047
MX,Xanaquía,16.091032,-96.244318
MX,Juquila,16.237931,-97.291357
MX,Río Hondo,16.183837,-96.464433
MX,Coatlán,16.200861,-96.824899
MX,Tututepec,16.129814,-97.60777
MX,Pochutla,15.747566,-96.466643
MX,Ozolotepec,16.145205,-96.348951
MX,Coatlán,16.22369,-96.783165
MX,Suchixtepec,16.09213,-96.464554
MX,Panixtlahuaca,16.260009,-97.37874
MX,Coatlán,16.197609,-96.695835
MX,Río Hondo,16.144154,-96.447911
MX,Piñas,16.000833,-96.333545
MX,Ozolotepec,16.088482,-96.404974
MX,Guivini,16.100625,-96.194331
MX,Coatlán,16.23166,-96.868588
MX,Apango,15.808665,-96.358323
MX,Mixtepec,16.095064,-97.081559
MX,San Francisco,16.093865,-97.609666
MX,Coatlán,16.186748,-96.770482
MX,Loxicha,15.96969,-96.707509
MX,Loxicha,16.079807,-96.790047
MX,Ozolotepec,16.079407,-96.291167
MX,Paxtlán,16.216086,-96.508067
MX,Loxicha,16.016552,-96.616671
MX,San Rafael,28.287798,-107.131589
MX,Chila,22.197254,-98.010169
MX,Horcasitas,29.487367,-110.724789
MX,Mexicali,32.650022,-115.461069
MX,La Paz,24.142297,-110.312738
MX,Campeche,19.838032,-90.527701
MX,San Francisco de Campeche,19.838032,-90.527701
MX,Oaxaca,17.071084,-96.719141
MX,Oaxaca,17.071084,-96.719141
MX,Aguascalientes,21.88234,-102.282586
MX,Tuxtla,16.754689,-93.114852
MX,Chihuahua,28.633333,-106.083333
MX,Saltillo,25.419418,-101.001278
MX,Colima,19.243408,-103.727666
MX,Victoria de Durango,24.020319,-104.657555
MX,Durango,24.020319,-104.657555
MX,Guanajuato,21.018268,-101.256979
MX,Chilpancingo,17.550599,-99.505783
MX,Chilpancingo,17.550599,-99.505783
MX,Pachuca,20.117362,-98.742915
MX,Pachuca,20.117362,-98.742915
MX,Guadalajara,20.666823,-103.391824
MX,Toluca de Lerdo,19.287858,-99.653237
MX,Toluca,19.287858,-99.653237
MX,Morelia,19.70179,-101.183962
MX,Cuernavaca,18.933725,-99.228488
MX,Tepic,21.500797,-104.889357
MX,Monterrey,25.675065,-100.318465
MX,Puebla,19.043336,-98.201926
MX,Puebla,19.043336,-98.201926
MX,Querétaro,20.599774,-100.389933
MX,Santiago de Querétaro,20.599774,-100.389933
MX,Chetumal,18.511377,-88.301003
MX,San Luis Potosí,22.149929,-100.982802
MX,Culiacán,24.807372,-107.397337
MX,Culiacán Rosales,24.807372,-107.397337
MX,Villahermosa,17.986893,-92.930277
MX,Ciudad Victoria,23.741744,-99.145993
MX,Tlaxcala de Xicohténcatl,19.320757,-98.209588
MX,Tlaxcala,19.320757,-98.209588
MX,Xalapa,19.544831,-96.917709
MX,Xalapa-Enríquez,19.544831,-96.917709
MX,Mérida,20.976704,-89.620592
MX,Zacatecas,22.770378,-102.577855
MX,Santa María,23.209454,-98.359243
MX,Llano,22.453154,-99.590577
MX,Chac,18.483333,-88.466667
MX,Cuates,25.95,-97.666667
MX,Buenavista,23.6,-100.25
MX,Buenavista,20.033333,-100.683333
MX,Ahuehuetitlán,17.666667,-97.316667
MX,Guadalupe,23.35,-99.083333
MX,San José,18.416667,-95.583333
MX,Tomaltepec,17.066667,-97.616667
MX,Agua Santa,18.933333,-101.133333
MX,Acatita,25.05,-107.083333
MX,Estancia,21.15,-101.566667
MX,Simojovel,17.2,-92.633333
MX,Iguitlán Plumas,17.85,-97.433333
MX,San José,25.8,-100.916667
MX,Horno,21.266667,-104.1
MX,Xochitlaxco,19.933333,-97.85
MX,Santa Ana,20.366667,-102
MX,San Bartolo,26.916667,-99.633333
MX,Palo Blanco,27.15,-102.2
MX,El Rincón,24.883333,-107.233333
MX,San Francisco,20.216667,-103.7
MX,La Cañada,21.966667,-100.3
MX,Los Placeres,18.083333,-100.766667
MX,Buenavista,24.833333,-98.2
MX,San Lorenzo,19.505278,-99.768333
MX,San José,27.083333,-105.383333
MX,Álamo,25.4,-108.033333
MX,Rancho Viejo,25.366667,-111.8
MX,Coatepec,18.8,-98.65
MX,Estancia,21.7,-102.2
MX,Xonacatepec,19.083333,-98.1
MX,Jicaltepec,16.366667,-98.016667
MX,San Pedro,23.583333,-100.383333
MX,San Isidro,17.633333,-93.25
MX,Montelobos,17.566667,-97.3
MX,Vielma,21.716667,-99.85
MX,Tlacotepec,17.816667,-97.416667
MX,Chapultepec,17.95,-97.916667
MX,Ocotlán,16.8,-96.716667
MX,San Pablo,16.2,-94.05
MX,Alvarez,18.5,-101.7
MX,Yancuitlalpan,18.916667,-98.583333
MX,San Antonio,21.116667,-88.866667
MX,Nogalillos,24.647222,-99.628889
MX,Punta Gorda,30.7,-115.983333
MX,San Isidro,20.383333,-100.433333
MX,Juárez,31.733333,-106.483333
MX,Corrales,24.95,-106.2
MX,Gigante,21.183333,-101.566667
MX,Cieneguita,25.566667,-100.116667
MX,Piloto,20.083333,-105.316667
MX,Paredones,31.066667,-111.733333
MX,Teotlaxco,17.55,-96.366667
MX,Refugio,25.85,-97.666667
MX,San Pedro,22.783333,-104.566667
MX,Toavela,17.533333,-96.083333
MX,Ovando,19.033333,-97.8
MX,San Pedro,17.7,-93.983333
MX,Macapexco,19.666667,-99.5
MX,Xaltatempa,19.75,-97.816667
MX,San José,21.166667,-101.65
MX,San Pedro,19.908889,-99.959167
MX,Mazatla,19.513889,-99.388611
MX,San José,16.366667,-91.833333
MX,San Luis,24.05,-105.716667
MX,Tecamachalco,19.416667,-99.233333
MX,San Rafael,28.866667,-107.766667
MX,Coyotepec,17.55,-97.283333
MX,Sauces,24.733333,-104.866667
MX,Puerto,21,-99.866667
MX,Agua Fría,23.773386,-106.609936
MX,Tlalixtac,17.072485,-96.646665
MX,Tlacolula,16.955861,-96.475707
MX,Tlacochahuaya,17.008783,-96.583776
MX,Lachitaá,17.266134,-96.144745
MX,Jalieza,16.844688,-96.670635
MX,Santo Tomás,16.777999,-96.236162
MX,Xagacía,17.15475,-96.267757
MX,Tepuxtepec,16.955724,-96.057774
MX,Jalieza,16.869421,-96.629081
MX,Amatlán,16.296252,-96.447116
MX,Lalopa,17.418922,-96.248284
MX,Zoquitlán,16.559354,-96.353842
MX,Yavesía,17.236578,-96.430829
MX,Yalina,17.246331,-96.279244
MX,Yacochi,17.140525,-96.051032
MX,Tepantlali,16.995811,-96.008282
MX,Lovaní,17.51532,-96.079012
MX,Cajonos,17.160464,-96.208215
MX,Tlapasola,16.912086,-96.524046
MX,Quiavini,16.89498,-96.467594
MX,Mixtepec,16.293179,-96.341252
MX,Ixtlahuacán,20.348605,-103.19336
MX,Albarradas,17.067642,-96.200475
MX,Zoochila,17.221905,-96.242539
MX,Yagalló,17.42438,-96.296571
MX,Matatlán,16.865396,-96.382973
MX,Laxopa,17.221924,-96.310342
MX,Buenavista,26.784858,-106.744875
MX,Jaltianguis,17.363995,-96.528315
MX,Xitla,16.327673,-96.670892
MX,Yalalag,17.186653,-96.17677
MX,Yateé,17.305697,-96.164161
MX,Lachigoló,17.01595,-96.600411
MX,Cajonos,17.172074,-96.249989
MX,Ocotlán,16.74696,-96.680431
MX,Zapotitán,20.326412,-103.478406
MX,Yareni,17.39653,-96.610745
MX,Santa Ana,16.995215,-96.470533
MX,Guiloxi,17.228236,-96.28982
MX,Abasolo,16.993868,-96.587764
MX,Ayutla,17.027663,-96.076656
MX,Totolapan,16.670751,-96.308025
MX,Taviche,16.638353,-96.536538
MX,Quiatoni,16.783241,-96.030746
MX,Nexicho,17.263628,-96.586802
MX,Mixtepec,16.271164,-96.284478
MX,Quiechapa,16.415259,-96.244757
MX,Yetzecovi,17.362583,-96.128794
MX,Yatzona,17.400646,-96.169124
MX,Yalahui,17.406154,-96.137539
MX,Yaé,17.429589,-96.283068
MX,Lachigalla,16.58916,-96.550706
MX,Guelavía,16.95421,-96.543052
MX,Analco,17.405538,-96.537696
MX,Coatecas,16.544889,-96.70007
MX,Chilateca,16.83042,-96.669153
MX,Chicomezúchil,17.287465,-96.496227
MX,Atepec,17.4286,-96.539125
MX,Ocotepec,16.804865,-96.392124
MX,Lachirioag,17.336517,-96.164773
MX,Amatlán,16.318405,-96.411711
MX,Yautepec,16.497587,-96.106148
MX,Guelavila,16.796539,-96.306731
MX,Chichicapan,16.761391,-96.488697
MX,Tlajomulco,20.474208,-103.446536
MX,Tizapán,20.161375,-103.043966
MX,Teocuitatlán,20.092233,-103.377998
MX,Cojumatlán,20.118578,-102.851817
MX,Calera,20.161148,-102.89846
MX,Atotonilco,20.350362,-103.67342
MX,Chivaguela,16.45781,-96.190454
MX,Buenavista,16.939317,-96.63225
MX,Yatuni,17.251216,-96.401413
MX,Yaá,17.293141,-96.153786
MX,Solaga,17.271642,-96.234167
MX,Miahuatlán,16.332695,-96.595577
MX,Teitipac,16.903715,-96.55777
MX,Coatecas,16.536264,-96.668631
MX,Teotitlán,17.030408,-96.518916
MX,Monjas,16.369761,-96.640951
MX,Jalieza,16.883865,-96.616116
MX,Yetzelalag,17.451994,-96.168058
MX,Quioquitanis,16.31569,-96.286786
MX,Minas,16.779847,-96.615463
MX,Lachatao,17.269368,-96.470263
MX,Ixtepeji,17.268127,-96.561591
MX,Cuixtla,16.306646,-96.644072
MX,Santa María,20.602184,-103.399753
MX,Santa Cruz,20.375137,-102.863823
MX,Santa Cruz,20.746607,-103.642815
MX,Santa Cruz,20.621834,-103.260277
MX,Santa Cruz,20.481247,-103.501615
MX,Mixtepec,16.325754,-96.326331
MX,Huayapan,17.10309,-96.664231
MX,Ocotlán,16.793214,-96.673904
MX,Zacoalco,20.228163,-103.568703
MX,San Sebastián,20.532743,-103.428044
MX,San Pedro,20.22687,-103.414881
MX,Itzicán,20.317245,-102.954065
MX,Ibarra,20.329822,-103.128808
MX,Ornelas,20.386871,-102.975982
MX,San Martín,20.596225,-103.28129
MX,Rincón,20.504711,-102.989062
MX,Gracia,20.097764,-103.441108
MX,San Isidro,20.522844,-103.612943
MX,San Cristóbal,20.224533,-103.369688
MX,Cajonos,17.169564,-96.261979
MX,Amatlán,16.328117,-96.448185
MX,Yaganiza,17.145484,-96.229314
MX,Mitla,16.925009,-96.359109
MX,Güilá,16.803204,-96.441134
MX,Yogovana,16.280413,-96.631705
MX,Tilquiapan,16.782097,-96.580903
MX,Talea de Castro,17.362658,-96.247596
MX,Reagui,17.460179,-96.23083
MX,Amatlán,17.274753,-96.471945
MX,Lachiguirí,16.377999,-96.335113
MX,Taviche,16.712354,-96.59395
MX,Villa Alta,17.338387,-96.152357
MX,Amatlán,16.337194,-96.489458
MX,San José,24.812321,-107.183381
MX,Nuevo,25.859958,-99.778738
MX,Encino,26.164813,-105.33172
MX,Rancho Viejo,23.228768,-106.027236
MX,Cabeza de Toro,25.663646,-99.101055
MX,Agua Caliente,27.459401,-108.529053
MX,Santa Rita,24.752835,-100.267758
MX,Santa María,24.985264,-100.620752
MX,Escuinapa,22.832534,-105.775391
MX,Sinaloa,25.82315,-108.2224
MX,Carboneras,24.775654,-107.247691
MX,San Juan,26.893166,-107.880472
MX,Serrucho,28.209375,-108.304969
MX,Aguacaliente,23.16176,-106.086756
MX,Santa Ana,18.119703,-93.061744
MX,Santa Cruz,20.21589,-105.332094
MX,Concepción,20.2446,-105.078067
MX,Jalpa,18.176427,-93.063486
MX,Álamos,28.188059,-107.104393
MX,Milpillas,20.743409,-104.893034
MX,San José,20.763154,-105.227372
MX,El Ancón,25.151732,-100.154466
MX,Soledad,20.506488,-105.132888
MX,El Zapote,27.379934,-108.516445
MX,Cieneguita,25.485292,-100.064107
MX,Sextín,26.151195,-105.610374
MX,Gómez,25.452115,-99.35461
MX,El Venadito,25.685324,-99.03194
MX,El Ébano,25.413004,-99.094606
MX,Cadereyta,25.588958,-100.001557
MX,Parras,25.441562,-102.179205
MX,Oratorio,25.583576,-101.350341
MX,Pitahaya,28.706356,-110.588686
MX,Prietas,28.798687,-110.56326
MX,Nogales,31.314044,-110.945956
MX,Santa Cruz,20.392768,-103.949846
MX,Ciénega,23.778117,-104.994868
MX,Durazno,24.156414,-104.668452
MX,Pedro Pablo,22.434222,-105.174653
MX,Encarnación,24.824487,-101.045356
MX,Acú,20.546951,-90.163615
MX,Sauz,24.35452,-104.706611
MX,Sihó,20.487091,-90.164567
MX,Sahcabchén,20.30682,-90.13799
MX,Chun,20.877829,-89.860418
MX,Ixcatán,22.039154,-104.934043
MX,San Miguel,21.994607,-104.782359
MX,Los Muchachos,25.301925,-101.313128
MX,Comitán,16.244707,-92.134248
MX,Santa Cruz,22.061641,-104.805484
MX,Jesús María,25.091261,-100.755055
MX,Olmos,25.958298,-97.726567
MX,Jesús María,21.722852,-104.882956
MX,Pimas,28.714537,-110.347437
MX,Nuestra Señora,24.364043,-104.244405
MX,Ferrería,23.960194,-104.661224
MX,Turuachic,26.134884,-106.710368
MX,Tahonas,26.034494,-106.98797
MX,Penjamillo,20.107366,-101.93333
MX,Cadejé,26.377882,-112.511881
MX,Agua Zarca,23.162354,-103.143499
MX,Xiloxochitla,19.265838,-98.211484
MX,Tetla,19.427219,-98.086949
MX,Vanegas,23.869149,-100.892614
MX,Vistahermosa,20.272864,-102.475003
MX,Ario,20.026179,-102.347579
MX,Teul,21.463399,-103.46131
MX,Tanhuato,20.285828,-102.32974
MX,Angamacutiro,20.149019,-101.711261
MX,San Cristóbal,21.044594,-103.428188
MX,Zapotitlán,18.328762,-97.473608
MX,Zacatepec,18.276214,-96.859241
MX,Yodocono,17.385294,-97.355567
MX,Santa Fe,20.202657,-101.828363
MX,Cuerámbaro,20.845078,-103.662519
MX,Moras,20.326667,-102.592749
MX,Casas Caídas,20.421436,-102.441265
MX,Tlacotepec,18.404735,-96.850227
MX,Norma,23.84496,-101.960777
MX,San Juan,18.065183,-95.149912
MX,Santa Rosa,22.028434,-102.569971
MX,San Rafael,22.10892,-102.010553
MX,San José,23.518486,-102.085021
MX,Tonatico,18.805617,-99.669949
MX,San Felipe,27.339841,-106.017046
MX,Potrero,27.020113,-105.749094
MX,San Antonio,27.035332,-105.946031
MX,Santa Ana,18.570675,-100.219668
MX,San Simón,19.022933,-100.006549
MX,San Rafael,18.537284,-101.388381
MX,Papasquiaro,24.830256,-105.337301
MX,San Mateo,18.962283,-99.683122
MX,Estanco,18.900051,-100.254708
MX,Coatepec,18.926349,-99.768246
MX,Tejupilco,18.904666,-100.153009
MX,Tlachichilco,17.622589,-98.343055
MX,Tepetlapa,17.666638,-98.39192
MX,Medellín,19.058685,-96.157806
MX,Cuevecillas,27.004413,-105.674254
MX,Tulcingo,18.045816,-98.441107
MX,Chilapa,17.594586,-99.176389
MX,Chila,18.109751,-98.48574
MX,Chiautla,18.30076,-98.602699
MX,Sultepec,18.858469,-99.966128
MX,Santo Tomás,18.83531,-100.010106
MX,Texcaltitlán,18.930399,-99.93956
MX,Tlapa,17.540418,-98.579516
MX,Buenavista,18.460343,-98.637612
MX,San Miguel,21.170083,-104.950709
MX,Las Varillas,14.81876,-92.407988
MX,Cohetzala,18.205806,-98.804726
MX,Veracruz,19.180739,-96.13405
MX,Achotal,17.736094,-95.133722
MX,Torreón,27.130486,-105.787075
MX,Hueyapan,18.150488,-95.143752
MX,San José,26.911068,-105.861356
MX,Loma Larga,18.231247,-95.087479
MX,Bodegas,18.352308,-95.497946
MX,Caborca,30.720427,-112.158469
MX,Chihuahueño,30.516667,-106.65
MX,Navidad,19.208311,-104.681537
MX,Zacatepec,17.824056,-98.07221
MX,Autlán,19.772494,-104.365306
MX,Punta de Agua,27.266028,-105.208245
MX,Pueblito,26.989187,-105.327612
MX,Constitución,25.033711,-111.659911
MX,Buena Vista,25.623449,-112.060878
MX,Zapotitlán,19.548514,-103.812169
MX,Laja,17.739303,-93.979115
MX,San Agustín,26.378094,-104.303821
MX,Cuevecillas,27.004372,-105.674029
MX,Camargo,27.678417,-105.171362
MX,Ciénaga,26.809972,-105.429886
MX,La Cofradía,18.818812,-103.123407
MX,La Ciénaga,18.4777,-103.311553
MX,Mezcalera,27.257169,-107.891455
MX,Barranca Seca,18.533934,-102.963073
MX,San Antonio,16.382609,-92.689899
MX,Cofradía,18.554331,-103.423065
MX,El Naranjo,27.271086,-107.921006
MX,Las Cruces,16.40645,-93.185115
MX,Colonia,26.080785,-103.535326
MX,Chiapa,16.713754,-92.988035
MX,Amatenango,16.527105,-92.435012
MX,El Agua,19.133443,-103.637374
MX,Zaragoza,26.107938,-103.441632
MX,San Juan,26.033677,-103.673694
MX,Horizonte,25.937223,-103.417033
MX,Santa Ana,26.974201,-105.311959
MX,Gomera,27.011009,-105.572641
MX,Chi,21.031882,-89.481279
MX,San Francisco,31.236716,-108.650717
MX,Santa Fe,20.525986,-103.084483
MX,Bacalar,20.827992,-89.350606
MX,Valencia,20.601134,-101.081909
MX,Xoconoxtle,20.939146,-100.980752
MX,Temascatío,20.695321,-101.26475
MX,San Isidro,20.541626,-101.058798
MX,Tzon,20.983527,-89.145181
MX,Sodzil,20.538995,-89.605442
MX,Motul,21.095709,-89.283315
MX,San Luis,32.456122,-114.771861
MX,Telchac,21.342872,-89.262955
MX,Sotuta,20.741859,-89.577375
MX,Susupuato,19.215419,-100.408307
MX,Las Juntas,18.032867,-101.749014
MX,El Rincón,18.033333,-101.849999
MX,Molino,20.551886,-100.712681
MX,Los López,21.055857,-101.091975
MX,Zitácuaro,19.436606,-100.35691
MX,Octopan,20.574279,-100.747847
MX,San Javier,30.220584,-110.724915
MX,Acuitzio,19.494725,-101.333314
MX,San Andrés,20.801704,-99.000955
MX,Jesús María,23.917485,-100.028692
MX,Tacámbaro,19.235136,-101.458168
MX,Santa Rita,18.525238,-101.16052
MX,Santa Fe,19.672515,-101.554157
MX,Rancho Viejo,18.594711,-101.128013
MX,Camargo,26.315983,-98.831651
MX,García,25.811473,-100.594102
MX,Tepehuacán,21.014287,-98.841991
MX,San Juan,25.76995,-101.146718
MX,San José,25.788604,-100.4741
MX,Santa Rita,25.738936,-101.134268
MX,San José,24.779888,-100.936935
MX,San Antonio,24.870621,-100.995586
MX,Acatita,25.701611,-101.146049
MX,Santa Clara,24.657857,-100.038415
MX,San Rafael,23.860244,-100.650974
MX,San Pedro,24.149855,-100.782797
MX,Armenta,16.333338,-98.376583
MX,Tapextla,16.340481,-98.447136
MX,Pinotepa Nacional,16.338467,-98.055316
MX,Jamiltepec,16.283738,-97.823869
MX,Zacatepec,16.763443,-97.990794
MX,Ipalapa,16.638412,-98.031502
MX,Huazolotitlan,16.304081,-97.913509
MX,Cortijos,16.443609,-98.233208
MX,Mechoacán,16.337124,-97.836928
MX,Nopalera,16.943553,-97.778446
MX,Ixcapa,16.544082,-98.144915
MX,Yosotatu,16.992874,-97.776194
MX,Jicayán,16.451812,-98.013666
MX,Tlacamama,16.415222,-98.063983
MX,Tetepelcingo,16.397659,-97.901668
MX,Reyes,16.920841,-97.894143
MX,Acatlán,16.809217,-98.733584
MX,Cacahuatepec,16.613763,-98.155553
MX,Estancia Grande,16.364813,-98.250795
MX,Sayultepec,16.595332,-98.130044
MX,Ocotlán,16.648263,-98.166413
MX,Huaxpaltepec,16.32968,-97.916717
MX,La Concepción,16.660071,-98.258883
MX,Naucalpan,19.468988,-99.247578
MX,Zaragoza,19.147373,-99.644121
MX,Cuauhtémoc,19.416521,-99.55876
MX,Boquilla,16.14044,-97.753114
MX,Tenango,19.106409,-99.590676
MX,Techuchulco,19.11302,-99.524623
MX,Atarasquillo,19.328551,-99.468094
MX,Tlapaltitlán,19.280818,-99.618108
MX,Autopan,19.354598,-99.656945
MX,Coatepec,19.137956,-99.429978
MX,Mimiapan,19.448131,-99.462817
MX,Balderas,19.109064,-99.652266
MX,Ajusco,19.224359,-99.201878
MX,Atenco,19.269193,-99.532012
MX,Ayucán,19.496624,-99.361446
MX,Tezonco,19.305522,-99.076326
MX,Tepaltitlán,19.322204,-99.602451
MX,Oyamel,19.431853,-99.576452
MX,Cuauhtenco,19.195526,-99.631931
MX,Ixtayopan,19.243467,-98.997359
MX,Chicahualco,19.282795,-99.592863
MX,Atlapulco,19.255983,-99.059625
MX,San Francisco,19.332509,-99.10126
MX,San Diego,19.379428,-99.648569
MX,Amayalco,19.33115,-99.26983
MX,Chichicaspa,19.419091,-99.330076
MX,Toro,19.095831,-99.237273
MX,Lerma,19.289858,-99.512357
MX,Almoloya,19.159806,-99.487276
MX,Nezahualcóyotl,19.400608,-99.014827
MX,Calimaya,19.162188,-99.618327
MX,Zacapexco,19.721965,-99.476293
MX,Zumpango,19.796705,-99.099464
MX,Joquicingo,19.049548,-99.534118
MX,Santa Rosa,20.436664,-99.898602
MX,San Sebastián,20.279883,-99.688795
MX,San Sebastián,20.26541,-99.933602
MX,Tlaxcaltepec,20.122569,-100.125611
MX,Dandhó,20.407515,-99.706639
MX,Aculco,20.083233,-99.861805
MX,San Bartolomé,20.180841,-100.073578
MX,Puerta,20.312963,-99.916681
MX,Potrero,20.257197,-99.730047
MX,Polotitlán,20.225915,-99.815562
MX,Tequisquiapan,20.524756,-99.88962
MX,La Venta,20.370229,-100.025948
MX,Laguna,20.478977,-100.048256
MX,Guadalupe,20.348995,-99.938282
MX,Aculco,20.098382,-99.828331
MX,San Martín,21.371243,-98.657677
MX,Ahuacatlán,20.441561,-99.98666
MX,Yonthé,20.473097,-99.367521
MX,Acateno,20.130925,-97.210614
MX,Tezontepec,20.191875,-99.272038
MX,Santiago,20.11505,-99.547164
MX,Mácua,20.136745,-99.475237
MX,Santa María,20.369811,-99.387908
MX,Daxthó,20.244971,-99.418073
MX,Santa Ana,20.122865,-99.346037
MX,Nextlalpan,20.15151,-99.387927
MX,San Pedro,20.329841,-99.429634
MX,San Pablo,20.339684,-99.377041
MX,San Juan,20.329115,-99.374242
MX,Atlán,20.336614,-99.6748
MX,San Francisco,20.48753,-99.408484
MX,Bojay,20.095407,-99.347084
MX,Tezoquipan,20.474164,-99.468518
MX,San Antonio,20.407148,-99.369827
MX,Progreso,20.248747,-99.18894
MX,Huitexcalco,20.266204,-99.280621
MX,Huejutla,21.142256,-98.419103
MX,Tempoal,21.519984,-98.388292
MX,San Vicente,21.718857,-98.587695
MX,Empalme,27.963395,-110.809114
MX,Ídolo,21.450271,-97.413312
MX,San Pedro,29.286844,-109.736959
MX,Morelos,28.295503,-114.034246
MX,Petlacotla,20.41186,-97.914431
MX,Tablas,24.85,-107.216667
MX,Tepango,18.833333,-98.683333
MX,Aquespala,15.816667,-91.933333
MX,Tapias,23.466667,-102.583333
MX,Tepexpan,19.568056,-99.704167
MX,San Ignacio,23.75,-100.483333
MX,Santa María,19.933333,-105.316667
MX,Zoochixtepec,17.216667,-96.2
MX,Zoapila,19.366667,-97.766667
MX,Santa María,25.9,-105.183333
MX,Zacatenco,19.5,-99.116667
MX,Xucuñuti,17.733333,-97.85
MX,Tonantzintla,19.033333,-98.3
MX,Trinidad,21.966667,-101.316667
MX,Acatlán,18.983333,-97.916667
MX,Atzitzihuacán,18.8,-98.6
MX,Chilapa de Díaz,17.516667,-97.683333
MX,Yerbabuena,22.766667,-99.55
MX,Texmelucan,19.35,-97.533333
MX,Santa Catarina,20.933333,-101.3
MX,San Pedro,27.083333,-103.7
MX,San Pedro,20.533333,-105.116667
MX,Yetla,17.75,-96.4
MX,Sochiapan,17.866667,-97.716667
MX,San Pedro,22.283333,-101.05
MX,San Nicolás,20.083333,-98.4
MX,Zacatempa,18.866667,-98.616667
MX,Otzoloapan,19,-100.266667
MX,Santo Domingo,18.533333,-96.75
MX,Santo Domingo,18.9,-98.366667
MX,Terrero,26.183333,-105.733333
MX,Xicotzingo,18.75,-98.616667
MX,Tonalixco,19.983333,-97.833333
MX,San Miguel,19.366667,-98.116667
MX,Cajonos,17.166667,-96.3
MX,Amatlán,16.4,-96.5
MX,Itundujia,16.866667,-97.65
MX,San Rafael,18.166667,-101.766667
MX,Franco,19.35,-97.8
MX,San Diego,24,-103.966667
MX,Puerto,22.016667,-100.066667
MX,Potrero,28.566667,-109.716667
MX,Potrero,18.433333,-100.916667
MX,Tindú,17.583333,-97.85
MX,Tanque,27.933333,-102.216667
MX,Tezonteopan,18.75,-98.5
MX,San Pedro,18,-97.6
MX,Petapa,16.683333,-93.483333
MX,Oxtotipan,18.95,-97.85
MX,Sauceda,22.05,-100.75
MX,Huixtepec,17.616667,-97.95
MX,Santa María,19.316667,-100.35
MX,Malacatepec,16.983333,-95.633333
MX,Ajoloapan,19.978611,-99.047222
MX,El Jobo,18.033333,-92.75
MX,Santa Catarina,19.216667,-97.433333
MX,Izhuatepec,18.783333,-98.616667
MX,San Pedro,26.4,-99.016667
MX,Tetitlán,18.233333,-97.333333
MX,San Vicente,23.8,-100.133333
MX,Rancho,23.7,-105.816667
MX,Nacimiento,28.1,-101.85
MX,Michapa,17.533333,-98
MX,Loberos,23.5,-103.65
MX,San Francisco,22.933333,-100.983333
MX,Zabache,16.833333,-96.733333
MX,Tepetitlán,18.866667,-99.866667
MX,Lagunas,17,-97.95
MX,Los Carros,18.816667,-96.35
MX,Tepeolulco,19.95,-100.016667
MX,Ocotal,16.116667,-93.816667
MX,Xtuc,20.4,-89.516667
MX,San Ignacio,24.066667,-99.966667
MX,San Juan,22.683333,-105.1
MX,Poza Rica,21.266667,-98.3
MX,Zacatlán,18.4,-99.983333
MX,Ojo de Agua,30.016667,-109.783333
MX,Tetuache,30.216667,-110.333333
MX,San Agustín,20.483333,-99.433333
MX,San Francisco,15.716667,-96.583333
MX,San Cándido,18.1,-93.35
MX,Tetla,20.983333,-99.466667
MX,Tejalucan,18.9,-98.4
MX,Portezuelo,18.916667,-98.35
MX,Estancia,17.966667,-97.966667
MX,Regadío,16.516667,-94.3
MX,Palma Real,20.816667,-97.766667
MX,Palmas,22.2,-99.666667
MX,Tenextepec,18.866667,-98.383333
MX,Coatepec,18.833333,-98.416667
MX,Xiol,20.916667,-89.5
MX,Tlacolula,17.783333,-96.8
MX,Sacnicté,20.9,-89.816667
MX,Rocheachic,28.633333,-107.883333
MX,Santa Gertrudis,24.033333,-99.166667
MX,San Juan,23.35,-103.266667
MX,San Juan,20.866667,-105.15
MX,Perdido,23.9,-101.216667
MX,Minas,22.716667,-100.566667
MX,Moreno,31.116667,-111.8
MX,Tinaja,30.883333,-111.633333
MX,Milpillas,28.1,-106.9
MX,San Francisco,25.05,-100.6
MX,San Francisco,25.066667,-99.166667
MX,San Francisco,27.5,-105.816667
MX,Almecatla,19.133333,-98.233333
MX,Pie de la Cuesta,28.05,-108.183333
MX,Palo Alto,21.2,-102.4
MX,Viejo,29.133333,-110.4
MX,Chayuco,17.25,-98.016667
MX,Panales,21.766667,-100.633333
MX,San Felipe,20.75,-104.216667
MX,Santa Rosa,26.516667,-107.883333
MX,Zautla,17.916667,-96.616667
MX,Zapotitlán,17.983333,-96.583333
MX,San José,20.133333,-89.4
MX,Morelos,19.683333,-99.666667
MX,Pascala,16.983333,-98.916667
MX,Boquiapan,17.9,-94.7
MX,Troje,23.716667,-100.666667
MX,San José,18.233333,-101.683333
MX,San Baltasar,18.966667,-98.466667
MX,San Bartolo,19.5,-99.15
MX,La Muralla,28.066667,-106.166667
MX,Mesa,20.666667,-102.683333
MX,Laborcita,26.85,-105.7
MX,La Palma,21.383333,-101.75
MX,Maxtleca,19.066667,-99.533333
MX,Mamey,21.116667,-105.133333
MX,Moreno,18.583333,-96.233333
MX,Mirador,19.066667,-96.466667
MX,Los Llanos,28.183333,-101.016667
MX,San Antonio,24.8,-100.066667
MX,Codorniz,22.016667,-102.666667
MX,Mezquital,21.166667,-103.383333
MX,San Antonio,20.25,-98.383333
MX,San Antonio,19.083333,-102.483333
MX,San Antonio,24.483333,-99.583333
MX,San Antonio,23.183333,-103.216667
MX,La Varita,27.533333,-106.116667
MX,Giropa,28.95,-109.466667
MX,Mesita,28.883333,-108.633333
MX,San Miguel,22.65,-103.45
MX,Moyotepec,17.066667,-98.666667
MX,La Ceja,24.283333,-98.433333
MX,Novillo,19.083333,-96.4
MX,La Gloria,27.133333,-104.883333
MX,Ferrería,20.15,-103.75
MX,La Cofradía,18.516667,-103.333333
MX,San José,16.4,-93.5
MX,Metzquititla,20.7,-98.933333
MX,Los Álamos,28.666667,-103.5
MX,San Antonio,20.316667,-101.466667
MX,San Isidro,24.533333,-100.6
MX,San Isidro,26.05,-97.983333
MX,Sotol,24,-100.633333
MX,San Antonio,24.366667,-99.566667
MX,Granaditas,26.933333,-105.866667
MX,Agua Caliente,28.016667,-108.75
MX,Boquilla,26.116667,-105.183333
MX,Esquipulas,17.683333,-93.3
MX,Guadalupe,23.666667,-100.2
MX,Ixcateopan,18.516667,-99.833333
MX,Carrizalejo,25.166667,-99.733333
MX,Mezquite,25.683333,-99.45
MX,Buenavista,23.133333,-102.833333
MX,Buenavista,21.716667,-102.3
MX,Chijolar,21.883333,-98.05
MX,El Coyote,24.9,-99.783333
MX,Barberena,22.583333,-97.9
MX,Jojutla,18.616667,-99.183333
MX,Jilotzingo,19.87,-99.057778
MX,Jilotepec,19.952778,-99.534722
MX,Ixtlahuaca,19.568056,-99.7675
MX,El Ebanito,25.95,-99.366667
MX,Guadalupe,26.916667,-105.433333
MX,Concepción,25.283333,-100.8
MX,Capulac,19.1,-98.05
MX,Guadalupe,28.85,-108.633333
MX,El Refugio,20.466667,-105.366667
MX,Esperanza,24.666667,-98.583333
MX,Vidrio,18.266667,-95.2
MX,Magdalena,27.066667,-112.15
MX,Guacayvo,27.466667,-107.583333
MX,Huixquilucan,19.383333,-99.45
MX,Aquiahuac,19.25,-98.266667
MX,Chuburná,21.016667,-89.633333
MX,Cieneguita,25.35,-100.133333
MX,Cruz Verde,25.2,-99.833333
MX,Agua Blanca,25.033333,-106.566667
MX,Coalcomán,18.783333,-103.15
MX,Coajomulco,19.750556,-99.976389
MX,Amozoc,19.033333,-98.05
MX,Amanalco,19.316667,-100.016667
MX,Bajíos,25.666667,-106.333333
MX,Cofradía,19.966667,-104.1
MX,Borjas,26.783333,-105.65
MX,Casa Blanca,20.583333,-100.4
MX,Xilotzingo,18.966667,-98.233333
MX,Jiotes,18.116667,-96.816667
MX,Tlapala,18.966667,-98.433333
MX,San Pablo,18.983333,-97.7
MX,Atoyac,17.2,-100.433333
MX,Alburquerque,28.3,-107.416667
MX,Corral Viejo,25.05,-107.133333
MX,Agua Fría,22.8,-103.583333
MX,Aguilar,29.45,-110.366667
MX,Abraham,15.683333,-96.6
MX,San José,18.7,-88.266667
MX,Shomege,19.848333,-99.901944
MX,San Juanito,23.333333,-98.616667
MX,María Morelos,30.083333,-115.75
MX,San Juan,21.45,-99.233333
MX,San Andrés,22.2,-104.05
MX,San Juan,24.85,-100.9
MX,Actún,20.766667,-89.983333
MX,Atexcal,18.366667,-98.216667
MX,Ayutla,16.9,-99.216667
MX,Nuevo,26.016667,-98.033333
MX,Saucito,29.7,-110.683333
MX,Tenochtitlán,19.7525,-99.930833
MX,Palo Blanco,24.916667,-98.05
MX,Los Uxtlas,18.366667,-95.3
MX,San Rafael,17.616667,-93.183333
MX,Loma,15.966667,-96.416667
MX,San Antonio,24.5,-99.533333
MX,Rodeo,19.633333,-102.583333
MX,Noria,23.716667,-100.683333
MX,Teolocholco,19.25,-98.183333
MX,San Antonio,24.533333,-102.466667
MX,San Isidro,20.25,-101.75
MX,San Antonio,18.066667,-96.116667
MX,Cumbres,18.833333,-97.3
MX,Díaz Mirón,19.483333,-99.1
MX,Mariscala,17.866667,-98.116667
MX,Valenciana,20.7,-101.3
MX,Nepantla,18.966667,-98.833333
MX,Cuevas,26.783333,-105.516667
MX,Santa Cruz,20.533333,-103.433333
MX,Portezuelo,21,-105.15
MX,San Luis,19.833333,-99.416667
MX,La Presa,22.983333,-102.733333
MX,Jaco,27.833333,-104
MX,San José,26.383333,-112.15
MX,Coapan,18.833333,-97.883333
MX,Acozautla,18.95,-98.383333
MX,San Antonio,19.366667,-100.416667
MX,El Refugio,27.05,-105.466667
MX,Horno,21.283333,-104.083333
MX,Santa Úrsula,19.3,-99.15
MX,Terrero,27.183333,-105.666667
MX,Piedras,21.5,-101.216667
MX,San José,20.433333,-100.966667
MX,Cayá,20.666667,-89.566667
MX,El Gallo,24.116667,-98.85
MX,Pueblo Nuevo,20.816667,-99.716667
MX,Oncan,20.966667,-89.5
MX,Acequia,21.883333,-99.9
MX,Cobos,20.933333,-97.366667
MX,Santo Domingo,19.588333,-99.774722
MX,San José,18.433333,-95.65
MX,Cerrito,20.533333,-100.933333
MX,San José,23.816667,-99
MX,Espinos,19.866667,-104.566667
MX,Atasta,18,-92.95
MX,Tepetotutla,17.833333,-96.433333
MX,Duraznillo,21.75,-101.25
MX,Pitahayitas,25.5,-108.433333
MX,Pita,20.483333,-100.433333
MX,San Isidro,28.9,-107.783333
MX,Soledad,28.3,-108.4
MX,Santa Isabel,19,-98.366667
MX,Trojes,22.4,-102.9
MX,Mezquite,20.983333,-101.483333
MX,Juntas,18.666667,-101.583333
MX,La Mira,18.683333,-102.283333
MX,Cuayucatepec,18.5,-97.483333
MX,San Antonio,20.45,-97.15
MX,Nazas,21.316667,-101.933333
MX,Buena Vista,19.166667,-98.166667
MX,San Ignacio,20.9,-101.866667
MX,Zapotitlán,17.216667,-98.983333
MX,Hacienda,28.1,-108.55
MX,Axochitlán,18.283333,-97.266667
MX,Ojitos,21.716667,-100.316667
MX,Nacimiento,28.066667,-101.65
MX,Ixtlahuaca,18.9,-99.716667
MX,Tutepetongo,17.766667,-96.883333
MX,San Agustín,22.8,-103.5
MX,Panales,21.516667,-100.55
MX,San Antonio,15.983333,-92.066667
MX,Quiotepec,17.9,-96.983333
MX,San José,19.408333,-90.575
MX,Sochiapan,17.666667,-95.366667
MX,El Mesón,21.283333,-101.283333
MX,San Isidro,21.733333,-100.2
MX,Madroño,21.1,-99.7
MX,Tepemaxalco,18.733333,-98.6
MX,Zautla,17.183333,-96.866667
MX,Tianguismanalco,18.95,-98.433333
MX,Molino,19.533333,-98.816667
MX,México,19.434167,-99.138611
MX,Mexico,19.434167,-99.138611
MX,Acatepec,16.15,-97.533333
MX,Presidios,25.283333,-105.633333
MX,Oxtotla,18.616667,-98.383333
MX,Capulín,25.566667,-106.133333
MX,Encinas,27.316667,-101.066667
MX,Anacuas,25.816667,-97.5
MX,Cantemo,19.433333,-89.916667
MX,Alamillo,28.8,-106.15
MX,Camichín,21.016667,-104.766667
MX,San Diego,21.383333,-100
MX,Cerrito,32.183333,-116.05
MX,Nueva Italia,19.026121,-102.09136
MX,Amatlán,19.160567,-102.539424
MX,San Juan,19.136142,-102.439367
MX,Puente del Carmen,20.886402,-100.641421
MX,Las Juntas,18.28775,-101.777794
MX,Coahuayutla,18.314753,-101.735104
MX,Capire,18.837642,-101.806819
MX,Tomatlán,19.210158,-102.586892
MX,Apatzingán,19.095224,-102.351621
MX,San Vicente,20.728266,-100.346371
MX,La Griega,20.666405,-100.238872
MX,Guadalupe,20.527956,-100.114368
MX,Fajardo,20.851168,-100.597804
MX,Carbonera,21.152519,-100.471847
MX,Chapín,19.787809,-90.389425
MX,Tekax,20.204267,-89.28629
MX,San Miguel,25.662261,-108.059378
MX,Corrientes,21.976215,-105.430613
MX,Palmar,25.712054,-107.92751
MX,Huépac,29.883676,-110.215284
MX,Coloradas,22.453688,-105.343661
MX,La Junta,25.101309,-106.784165
MX,Metatitos,25.429019,-106.476039
MX,Los Chinos,28.787188,-110.09978
MX,Campa,28.549216,-109.739297
MX,Noria,28.64011,-110.107055
MX,Cozumel,20.501004,-86.945979
MX,Tixcacal,19.857949,-88.174429
MX,Sahcabá,20.684471,-88.384224
MX,Tepatitlán,20.816923,-102.763466
MX,San Miguel,21.49709,-103.08296
MX,Cofradía,20.029934,-103.55592
MX,Buenavista,20.770658,-102.773866
MX,San Pedro,25.757989,-102.982293
MX,San José,25.648847,-103.401618
MX,Lerdo,25.535383,-103.525242
MX,Santa Rita,18.336237,-91.717421
MX,Santa María,20.440188,-100.79984
MX,San Pedro,20.228303,-100.93875
MX,Pejo,20.034554,-100.93692
MX,San Francisco,20.026399,-100.789064
MX,San Francisco,20.508628,-100.413951
MX,Estancia,20.296263,-100.860169
MX,El Capulín,20.274784,-100.985017
MX,Rincón,20.424025,-100.755131
MX,Piedras,20.138887,-100.627105
MX,Apaseo,20.457479,-100.622402
MX,Ojo de Agua,20.228923,-100.826959
MX,La Ceja,20.378637,-100.396101
MX,Carmen,18.649732,-91.824709
MX,Tizonazo,25.965056,-105.195634
MX,San Francisco,25.48603,-104.884586
MX,San Pedro,24.797815,-107.602306
MX,Pantelhó,17.005144,-92.470834
MX,Sabana,17.396039,-92.214272
MX,La Bola,18.240431,-92.297259
MX,Agua Caliente,24.932918,-107.384952
MX,San Antonio,21.071203,-101.05006
MX,Coneto,24.98089,-104.770547
MX,San Francisco,25.243523,-105.244605
MX,Balancán,17.807018,-91.537435
MX,Guadalupe,25.958937,-99.496532
MX,San Rafael,24.808395,-105.112352
MX,San Rafael,25.383068,-104.765985
MX,Morelos,26.671528,-107.676511
MX,San Rafael,26.906185,-106.444977
MX,San Antonio,26.435057,-107.30891
MX,Tecpan,17.222777,-100.641214
MX,Santiago,17.229035,-100.346446
MX,San Jerónimo,17.136735,-100.468325
MX,Jaleaca,17.447653,-99.859589
MX,Acapulco,16.856933,-99.901496
MX,Las Truchas,26.061759,-106.562256
MX,Michac,19.219367,-98.339521
MX,Texcalac,19.41714,-98.089916
MX,Ixtiyucan,19.182526,-97.813565
MX,Ixcotla,19.422884,-98.317289
MX,Coronanco,19.120153,-98.253952
MX,Atlihuetzián,19.376966,-98.177747
MX,Tepetzala,19.112095,-97.938749
MX,Tecuexcomac,19.294574,-98.348459
MX,Huiloapan,19.383107,-98.271267
MX,Acuicuizcatepec,19.445791,-98.223971
MX,Huiloac,19.400308,-98.141369
MX,Villanueva,19.060081,-97.719575
MX,Xoxtla,19.168152,-98.308242
MX,Xaltocan,19.423739,-98.210787
MX,Tehuiloyacan,19.040634,-98.332261
MX,Tecopilco,19.486219,-98.256501
MX,Techalote,19.495883,-98.321466
MX,Ixtenco,19.250852,-97.894366
MX,Chiapa,19.239627,-97.768239
MX,Ocotitlán,19.031894,-97.967361
MX,Agostadero,26.95901,-106.670344
MX,Atzompa,19.028182,-98.352111
MX,Tetlanohca,19.26011,-98.163067
MX,Atezcatzinco,19.469592,-98.148167
MX,Hueyotlipan,19.076117,-98.21031
MX,Tizatlán,19.339623,-98.214619
MX,Yauhquemehcan,19.411948,-98.187774
MX,San Bartolomé,19.44851,-98.126137
MX,Nopalucan,19.215662,-97.822551
MX,Zanatepec,16.478749,-94.35358
MX,Tepatlaxco,19.079458,-97.969486
MX,Coyuca,17.009178,-100.08748
MX,Purísima,20.68928,-101.269412
MX,Chavarría,23.64868,-105.591455
MX,Chapalapa,17.270832,-99.379248
MX,Atzingo,19.171695,-98.779858
MX,Coltzingo,19.383642,-98.536205
MX,Ameca,19.43613,-98.407043
MX,Tlahuapan,19.331666,-98.579641
MX,Moyotzingo,19.253911,-98.406435
MX,Chimalhuacán,19.411138,-98.950772
MX,Acuexcomac,19.037011,-98.384928
MX,Chalma,19.148584,-98.74764
MX,Santa Cruz,19.4282,-98.348621
MX,Santa Catarina,19.310726,-98.966391
MX,Ayotzingo,19.20948,-98.929845
MX,Necoxtla,18.611924,-98.383741
MX,San Salvador,19.269868,-98.515838
MX,Ixtapaluca,19.292205,-98.558723
MX,Tezompa,19.208521,-98.969735
MX,Ixayoc,19.47317,-98.795218
MX,Atlazalpan,19.216943,-98.909179
MX,Coatlinchán,19.449988,-98.872735
MX,Tlalancaleca,19.323681,-98.498418
MX,Tepopula,19.154088,-98.855064
MX,Tecalco,19.056469,-98.794098
MX,Totoltepec,18.701908,-98.397143
MX,Texmelucan,19.283782,-98.438075
MX,San Lucas,19.279431,-98.418327
MX,Chiautzingo,19.2028,-98.465133
MX,Tetla,19.218257,-98.506681
MX,Tejupa,18.854865,-98.541111
MX,Mitepec,19.441254,-98.460595
MX,Epatlán,18.641415,-98.370567
MX,Atzacualoya,19.204614,-98.800973
MX,Amecac,18.834564,-98.658943
MX,Tomacoco,19.11005,-98.737666
MX,Tecuanipan,19.013626,-98.398894
MX,Cuautzingo,19.259623,-98.857415
MX,Xochiteopan,18.806038,-98.624138
MX,Mitepec,19.438396,-98.447656
MX,Acuautla,19.343169,-98.855566
MX,San Félix,18.907032,-98.37189
MX,Teotlalcingo,19.233437,-98.501748
MX,Ixtacuixtla,19.326612,-98.377457
MX,Huehuecalco,19.09212,-98.763884
MX,Temaxcalac,19.269838,-98.406995
MX,Zoyatzingo,19.091366,-98.783766
MX,Chautla,19.312813,-98.480768
MX,Hueyacatitla,19.256423,-98.536693
MX,Calpan,19.103909,-98.457957
MX,Ozumba,19.037826,-98.794961
MX,Matamoros,18.601507,-98.464992
MX,Juchitepec,19.102239,-98.879867
MX,Purísima,23.03218,-102.894176
MX,Providencia,23.034004,-103.187904
MX,Delicias,28.18684,-105.46966
MX,Ecatzingo,18.96747,-98.809094
MX,Cuautla,18.804589,-98.94555
MX,Chalco,19.261738,-98.897746
MX,Guadalupe,23.069819,-103.198206
MX,Amecameca,19.124402,-98.766027
MX,Fresnillo,23.175693,-102.869424
MX,Cañitas,23.605843,-102.726388
MX,Tlaxco,19.613334,-98.11997
MX,Tetela,19.816203,-97.807564
MX,Tepango,20.001901,-97.795671
MX,Zautla,19.721863,-97.67017
MX,Xonacatlán,19.615198,-97.591163
MX,Santa María,19.660205,-97.867106
MX,Ozumba,19.585319,-98.180379
MX,Ecatepec,19.521859,-98.154941
MX,Tenextatiloyan,19.709653,-97.596442
MX,San Miguel,19.915971,-97.706318
MX,Xiutetelco,19.795342,-97.325511
MX,Zapotitlán,20.00137,-97.713775
MX,Acateno,19.875273,-97.366856
MX,San José,19.908836,-98.178111
MX,Ayotla,19.925596,-98.034009
MX,Xicalahuata,19.641822,-97.613738
MX,Xixipesco,19.573154,-97.566549
MX,Cuautempan,19.913559,-97.795483
MX,Payuca,19.525674,-97.615588
MX,Matlahuacales,19.76196,-98.053751
MX,Ixtolco,19.904013,-97.816961
MX,Huitzilán,19.966931,-97.693391
MX,Acopinalco,19.658641,-98.165574
MX,Tlalmanalco,19.208072,-98.801385
MX,Tenango,19.157338,-98.859632
MX,San Francisco,23.358235,-100.083468
MX,San Antonio,23.369018,-100.08576
MX,Caracol,23.329633,-99.870398
MX,Tlalpujahua,19.805271,-100.173059
MX,Maxdá,19.797036,-99.744801
MX,Yeché,19.707153,-99.708535
MX,Angangueo,19.617887,-100.286955
MX,Mexquititlán,20.049842,-100.063672
MX,Presa,23.499871,-100.725486
MX,Refugio,23.01334,-100.47189
MX,San Ramón,23.609628,-100.212913
MX,Tuzal,23.147991,-101.341273
MX,San Antonio,23.689789,-100.472838
MX,Matorral,22.899423,-101.252671
MX,Guadalupe,23.466878,-100.989994
MX,Santa María,23.733667,-101.223711
MX,Guadalupe,23.373547,-100.757188
MX,Tanque,23.659985,-101.163451
MX,Acutzilapan,19.772107,-99.677575
MX,San Pedro,19.854622,-99.969723
MX,Ixtapantongo,19.526281,-99.760385
MX,San Francisco,19.681488,-99.7521
MX,San Felipe,19.694322,-99.95729
MX,San Bartolo,19.599754,-99.703766
MX,Pueblo Nuevo,19.566961,-100.04737
MX,El Oro,19.802603,-100.130617
MX,Guadalupe,28.333328,-105.428505
MX,Camotlan,17.459736,-97.022538
MX,Apoala,17.649842,-97.137722
MX,Cacalotepec,17.036099,-95.955012
MX,Acatlán,17.027007,-95.572746
MX,Huehuetlán,18.197755,-96.943306
MX,Huapanapan,18.140206,-97.672364
MX,Cotahuixtla,17.529474,-96.910769
MX,Chindúa,17.428912,-97.311634
MX,Chapulapa,17.940434,-96.755556
MX,San Esteban,18.455616,-97.298841
MX,Chalma,18.44197,-97.367482
MX,Suchixtlahuaca,17.727942,-97.367825
MX,Amoltepec,17.283283,-97.573856
MX,Teontepec,18.489236,-97.52598
MX,Soyaltepec,17.591165,-97.307136
MX,Texcala,18.397116,-97.444657
MX,Nanahuatipan,18.135698,-97.123537
MX,Cañada,18.514371,-97.293605
MX,Sinaxtla,17.468951,-97.281955
MX,Tepexilotla,18.464693,-96.905837
MX,Tepelmeme,17.873914,-97.361572
MX,Yolotepec,17.499152,-97.010723
MX,Tinú,17.372535,-97.129085
MX,Tiltepec,17.465205,-97.35244
MX,Teopoxco,18.163516,-96.953446
MX,Metzontla,18.224785,-97.486479
MX,Mazatlán,18.033418,-96.913828
MX,Jicotlán,17.80658,-97.47017
MX,Jaltepec,17.323752,-97.22182
MX,Ocotepec,16.95542,-95.8458
MX,Chimaltepec,16.995307,-95.659627
MX,Quetzaltepec,16.974332,-95.760233
MX,Tenexpan,17.270795,-96.891341
MX,Tecomavaca,17.955773,-97.022625
MX,Suchixtlán,17.499708,-97.330005
MX,Huautla,18.131273,-96.839105
MX,Cuyamecalco,17.964999,-96.830984
MX,Pápalo,17.842384,-96.880194
MX,Tlatlauquitepec,18.75815,-98.100355
MX,Nduayaco,17.409844,-97.493033
MX,Nativitas,17.660657,-97.337471
MX,Ixcatlán,17.853525,-97.195564
MX,Chiquihuitlán,17.995166,-96.744435
MX,Nochixtlán,17.458085,-97.223323
MX,Xochitiopan,18.637095,-97.956183
MX,Cuapiaxtla,18.914616,-97.820307
MX,Tlatayapan,17.407724,-97.345956
MX,Texcalcingo,18.209446,-96.969122
MX,Nejapilla,17.420119,-97.373839
MX,Amatitlán,18.174385,-98.076791
MX,Acatzingo,18.980363,-97.784735
MX,Acatlán,18.202504,-98.048641
MX,Tongo,25.284827,-103.998687
MX,Totontepec,17.257033,-96.028668
MX,Tilapa,18.04763,-94.771573
MX,Nacaltepec,17.507783,-96.919287
MX,Huauclilla,17.452031,-97.07328
MX,Dominguillo,17.651921,-96.917003
MX,Chazumba,18.191829,-97.679916
MX,Petapa,16.818691,-95.140253
MX,Zacatepec,17.159113,-95.91583
MX,Yaveo,17.331003,-95.734403
MX,Ixcuintepec,16.934785,-95.621766
MX,Choapan,17.360839,-95.922193
MX,Atitlán,17.103601,-95.945704
MX,Yahuivé,17.364689,-95.825311
MX,Petapa,16.820347,-95.118997
MX,Coatlán,16.856717,-95.52984
MX,Alotepec,17.093123,-95.855051
MX,Huitepec,16.938165,-95.669443
MX,Camotlán,16.944731,-95.713823
MX,Mazatlán,17.026032,-95.440247
MX,Zapotitlán,17.889323,-97.818695
MX,Lalana,17.453534,-95.906364
MX,Juquila Mixes,16.935846,-95.918889
MX,Jaltepec,17.351247,-95.663026
MX,Guichicovi,16.962388,-95.094392
MX,Cotzocón,17.163813,-95.782118
MX,Comaltepec,17.326933,-95.962296
MX,Xayacatlán,18.236787,-97.976231
MX,Coyomeapan,18.282735,-96.991372
MX,Chilchotla,18.234738,-96.830429
MX,Chachoapan,17.526517,-97.283999
MX,Apasco,17.632815,-97.096959
MX,Santa Cruz,17.961437,-96.691816
MX,Tayata,17.357445,-97.568849
MX,Zapoquila,18.064923,-97.602316
MX,Tayata,17.346986,-97.557672
MX,Río Delgado,17.47522,-97.523991
MX,Adéquez,17.436427,-97.146211
MX,Teloxtoc,18.380166,-97.579319
MX,San Simón,18.019514,-96.858186
MX,Zinacatepec,18.33586,-97.243867
MX,Tutla,17.704849,-97.640158
MX,Frontera,18.252222,-97.655432
MX,Totoltepec,18.225597,-97.855112
MX,Sayula,17.880829,-94.960098
MX,Casas Viejas,18.081597,-94.906678
MX,Santa Rita,23.734542,-103.830853
MX,Guevea,16.793358,-95.367541
MX,Yucunama,17.561852,-97.482987
MX,Teposcolula,17.511055,-97.488986
MX,Topiltepec,17.436551,-97.343651
MX,Tidaá,17.341225,-97.371947
MX,Teutila,17.975815,-96.705261
MX,Quilitongo,17.466542,-97.159856
MX,Jocotipac,17.768747,-97.079045
MX,Chicozapotes,17.76878,-96.958368
MX,Añañe,17.520802,-97.368194
MX,Tepetzingo,18.422924,-97.341089
MX,Tulancingo,17.750231,-97.439468
MX,Huautepec,18.101117,-96.797036
MX,Achiutla,17.30564,-97.484885
MX,Yucucuy,17.477808,-97.300515
MX,Tlapiltepec,17.811549,-97.429652
MX,Sosola,17.400192,-97.11757
MX,Huamelulpan,17.397305,-97.601165
MX,Ojo de Agua,23.726749,-103.817998
MX,Cofradía,16.766663,-94.757787
MX,Jáltipan,17.966976,-94.714713
MX,Tezoatlán,17.653841,-97.810769
MX,Huajolotitlán,17.826356,-97.731929
MX,Ayuquililla,17.932362,-97.956706
MX,Alseseca,18.843687,-97.704053
MX,La Junta,22.535399,-103.678142
MX,Huejuquilla,22.625253,-103.898742
MX,Atolotitlán,18.188569,-97.424353
MX,Tonaltepec,17.57087,-96.956854
MX,Teponaxtla,17.8362,-96.72616
MX,Sosola,17.379143,-97.026671
MX,Cuautla,18.244395,-96.95697
MX,Coatzospan,18.049979,-96.763035
MX,Cuicatlán,17.800996,-96.959148
MX,Coixtlahuaca,17.724873,-97.319975
MX,Atatlahuca,17.533608,-96.828458
MX,Atzingo,18.297474,-97.383238
MX,Achiutla,17.350029,-97.50815
MX,Tenango,18.151535,-96.716781
MX,Miahuatlán,18.291696,-97.287661
MX,Tecoatl,18.167877,-96.913234
MX,Sosola,17.367342,-97.032916
MX,Yancuitlalpan,18.776574,-98.094346
MX,Camotlán,17.898099,-97.691014
MX,Tlaxiaco,17.269161,-97.680526
MX,Asunción,17.242109,-97.998547
MX,Capulín,22.83315,-103.591719
MX,Chilac,18.325977,-97.347772
MX,Casa Blanca,18.151706,-97.13775
MX,Teopán,17.848593,-97.492681
MX,Telixtlahuaca,17.296836,-96.905287
MX,Ahuatempan,18.409799,-98.022542
MX,Nundaco,17.170596,-97.724383
MX,Nuevo,18.295822,-97.809953
MX,Tecali,18.90294,-97.974203
MX,San Vicente,17.584675,-97.947331
MX,Coyotepec,18.404134,-97.830373
MX,Ocoyucan,18.976163,-98.30148
MX,Huitziltepec,18.770046,-97.881042
MX,Tlaltempan,18.614861,-98.080275
MX,Tehuixtla,18.358793,-97.732043
MX,Zahuatlán,17.843499,-98.031522
MX,San Simón,18.966368,-97.713288
MX,Tecomaxtlahuaca,17.34721,-98.031333
MX,Huixcolotla,18.920498,-97.771041
MX,Tequistepec,18.061469,-97.718977
MX,Cuayuca,18.486259,-98.183951
MX,Zoyatitlanapan,18.655108,-98.148925
MX,Zacaola,18.884851,-97.843292
MX,Peras,17.324098,-98.239211
MX,Ixitlán,18.00164,-97.774098
MX,Amatitlán,17.891482,-98.024509
MX,Otlaltepec,18.296383,-97.776842
MX,Hueyotlipan,18.890042,-97.867075
MX,Chautla,18.964997,-98.152274
MX,Tepejillo,17.437819,-97.938443
MX,Zoyamazalco,18.421325,-97.800626
MX,Tlaixpan,18.913754,-97.7385
MX,Mimiapan,18.523657,-98.158319
MX,Peras,17.360286,-98.237684
MX,Atexcal,18.399176,-97.735589
MX,Atempan,18.690027,-98.167219
MX,Tehuizotla,18.677587,-97.857592
MX,Tejaluca,18.63667,-98.250363
MX,Ometepec,18.854435,-97.855403
MX,Piñas,17.224323,-98.14406
MX,Ixcaquixtla,18.460217,-97.831067
MX,Igualtepec,17.740317,-98.289627
MX,Copala,17.18656,-97.963084
MX,Cieneguilla,17.850698,-98.27966
MX,Ayuquila,17.9418,-97.968573
MX,Xayacatlán,18.220993,-97.914677
MX,Silacayoapilla,17.810539,-97.845187
MX,Huehuetlán,18.738751,-98.166835
MX,Nuyoó,17.014736,-97.766374
MX,Miltepec,17.984284,-97.690269
MX,Juxtlahuaca,17.335029,-98.010611
MX,San Hipólito,18.941752,-97.873531
MX,Totimehuacan,18.966881,-98.185145
MX,Mixtla,18.902534,-97.895801
MX,Jalapexco,18.839282,-98.2993
MX,Otlaltepec,18.401073,-97.908118
MX,Tochimiltzingo,18.808982,-98.331837
MX,Mimiahuapan,18.686697,-97.885213
MX,Putla,17.023761,-97.92704
MX,Escondida,23.348673,-102.091145
MX,Huerta,22.758986,-102.612849
MX,San Francisco,17.254553,-100.259995
MX,San Ignacio,25.449856,-106.107712
MX,Tepehuanes,25.340299,-105.723234
MX,Salado,23.313847,-101.958425
MX,Yerbabuena,23.344644,-101.521411
MX,San Pedro,22.217282,-100.800123
MX,Baja California,30,-115
MX,Baja California Sur,25.833333,-111.833333
MX,Campeche,19,-90.5
MX,Chiapas,16.5,-92.5
MX,Chihuahua,28.5,-106
MX,Coahuila de Zaragoza,27.333333,-102
MX,Colima,19.166667,-104
MX,Durango,24.833333,-104.833333
MX,Guanajuato,21,-101
MX,Guerrero,17.666667,-100
MX,Hidalgo,20.5,-99
MX,Jalisco,20.333333,-103.666667
MX,México,19.333333,-99.5
MX,Michoacán de Ocampo,19.166667,-101.833333
MX,Morelos,18.75,-99
MX,Nayarit,22,-105
MX,Nuevo León,25.666667,-100
MX,Oaxaca,17,-96.5
MX,Puebla,18.833333,-98
MX,Querétaro de Arteaga,21,-99.916667
MX,Quintana Roo,19.666667,-88.5
MX,San Luis Potosí,22.5,-100.5
MX,Sinaloa,25,-107.5
MX,Sonora,29.333333,-110.666667
MX,Tabasco,18,-92.666667
MX,Tamaulipas,24,-98.75
MX,Tlaxcala,19.416667,-98.166667
MX,Veracruz,19.333333,-96.666667
MX,Yucatán,20.833333,-89
MX,Zacatecas,23,-103
MX,San Bartolo,21.612899,-101.068528
MX,San Nicolás,22.248984,-100.552395
MX,Saladita,22.260356,-100.416744
MX,Arriba,21.893562,-100.655418
MX,Laguna,21.946916,-100.859607
MX,Aguascalientes,22,-102.5
MX,Llano,21.852434,-100.681244
MX,Fernández,21.940374,-100.011698
MX,Los Rangeles,21.376607,-100.406571
MX,Presa,22.859243,-100.151946
MX,Mojarras,22.044886,-100.274845
MX,Mojarras,22.032121,-100.246925
MX,Vizarrón,20.832946,-99.720009
MX,Sombrerete,20.793421,-99.670025
MX,San Pablo,20.858997,-99.898577
MX,San Miguel,20.868572,-99.961609
MX,Palmas,21.09927,-99.965295
MX,Amoles,21.134402,-99.625258
MX,Cadereyta,20.697792,-99.815348
MX,Landa,21.184122,-99.320029
MX,Tantojón,21.811487,-98.49309
MX,Ayotoxtla,20.604687,-98.905643
MX,San Pablo,20.640326,-98.920937
MX,Escondida,21.249434,-99.015812
MX,San Andrés,20.52422,-99.064504
MX,Rincón,21.193282,-99.117813
MX,Colorada,21.026739,-99.11597
MX,Acatitlán,21.205337,-99.189182
MX,San Mateo,21.93605,-98.352248
MX,Tinto,21.816413,-98.801134
MX,Jacinta,21.752511,-98.053518
MX,San Diego,28.594492,-105.571769
MX,Llera,23.317745,-99.026081
MX,Benito Juárez,24.339163,-98.419445
MX,Gran Morelos,28.249196,-106.510622
MX,Santa Eulalia,28.594496,-105.887956
MX,Santa Isabel,28.341657,-106.372199
MX,Jiménez,24.216818,-98.484327
MX,La Ceja,24.206652,-98.302403
MX,Palma Real,20.797548,-97.729264
MX,Hermosillo,29.102602,-110.977324
MX,San José,29.746756,-110.183902
